,Algorithm,Drug,num_sensitive,num_resistant,AUC,AUC_PR,threshold,spec,sens
0,CNN,AMIKACIN,6760,435,0.9354456573488404,0.06045865184155664,0.51,0.9727810650887574,0.8597701149425288
