,Algorithm,Drug,num_sensitive,num_resistant,AUC,AUC_PR,threshold,spec,sens
0,CNN,ETHIONAMIDE,5487,942,0.8799051957202838,0.14652356509566028,0.72,0.9675596865318025,0.7377919320594479
