,Algorithm,Drug,num_sensitive,num_resistant,AUC,AUC_PR,threshold,spec,sens
0,CNN,ISONIAZID,3763,3603,0.9685834412209567,0.48913928862340483,0.89,0.9800690938081318,0.9480988065500972
