,Algorithm,Drug,num_sensitive,num_resistant,AUC,AUC_PR,threshold,spec,sens
0,CNN,KANAMYCIN,6748,558,0.9166799455248124,0.07637558171366,0.54,0.9767338470657972,0.8476702508960573
