,Algorithm,Drug,num_sensitive,num_resistant,AUC,AUC_PR,threshold,spec,sens
0,CNN,LEVOFLOXACIN,5203,989,0.937474724370536,0.1597222222222222,0.8300000000000001,0.9792427445704401,0.8897876643073812
