,Algorithm,Drug,num_sensitive,num_resistant,AUC,AUC_PR,threshold,spec,sens
0,CNN,MOXIFLOXACIN,4670,808,0.9556624599826151,0.1474990872581234,0.71,0.949678800856531,0.9368811881188119
