,Algorithm,Drug,num_sensitive,num_resistant,AUC,AUC_PR,threshold,spec,sens
0,CNN,RIFAMPICIN,4209,2823,0.9756510411077859,0.4014505119453925,0.4,0.9710144927536232,0.965285157633723
